STATE,RELYR,mean
California,2010,3.9013906447534765
California,2011,4.086364339885467
California,2012,4.2332029552368535
California,2013,4.6222040816326535
California,2014,4.51033950617284
California,2015,4.487666552784421
California,2016,4.45680546923555
California,2017,4.493247588424437
California,2018,4.7251344483186575
California,2019,4.814441987664378
California,2020,4.835823163012103
