RELYR,mean
2010,4.284447224038434
2011,4.2584392356208225
2012,4.34809721778062
2013,4.326987735912677
2014,4.414136797681791
2015,4.520915929412878
2016,4.5908584800618994
2017,4.758489477699421
2018,4.835536444715721
2019,4.782511319455891
2020,5.04639299292555
